{ "columns":40,
 "image":"mazey nfinallly done yayayaytayayayayayyayayyy7ayaya.png",
 "imageheight":770,
 "imagewidth":645,
 "margin":0,
 "name":"Maze",
 "spacing":0,
 "tilecount":1920,
 "tiledversion":"1.11.0",
 "tileheight":16,
 "tiles":[
        {
         "id":81,
         "objectgroup":
            {
             "draworder":"index",
             "id":2,
             "name":"",
             "objects":[
                    {
                     "height":0,
                     "id":5,
                     "name":"",
                     "rotation":0,
                     "type":"",
                     "visible":true,
                     "width":0,
                     "x":9.33333333333333,
                     "y":8
                    }],
             "opacity":1,
             "type":"objectgroup",
             "visible":true,
             "x":0,
             "y":0
            }
        }, 
        {
         "id":83,
         "objectgroup":
            {
             "draworder":"index",
             "id":2,
             "name":"",
             "objects":[
                    {
                     "height":16,
                     "id":1,
                     "name":"",
                     "rotation":0,
                     "type":"",
                     "visible":true,
                     "width":16,
                     "x":0,
                     "y":0
                    }],
             "opacity":1,
             "type":"objectgroup",
             "visible":true,
             "x":0,
             "y":0
            }
        }, 
        {
         "id":198,
         "objectgroup":
            {
             "draworder":"index",
             "id":2,
             "name":"",
             "objects":[
                    {
                     "height":16,
                     "id":1,
                     "name":"",
                     "rotation":0,
                     "type":"",
                     "visible":true,
                     "width":16,
                     "x":0,
                     "y":0
                    }],
             "opacity":1,
             "type":"objectgroup",
             "visible":true,
             "x":0,
             "y":0
            }
        }],
 "tilewidth":16,
 "type":"tileset",
 "version":"1.10"
}